iter	Passed	Remaining
0	2852	2849696
1	6836	3411265
2	9737	3236228
3	14212	3538981
4	18361	3653927
5	21698	3594665
6	24171	3428936
7	27638	3427199
8	30159	3320845
9	34796	3444878
10	40125	3607665
11	43518	3583012
12	47804	3629446
13	50844	3580917
14	54616	3586486
15	58984	3627533
16	62230	3598358
17	65092	3551170
18	68790	3551765
19	71443	3500733
20	74690	3482016
21	77610	3450129
22	80659	3426296
23	84728	3445642
24	88576	3454474
25	91281	3419539
26	94917	3420549
27	98349	3414143
28	101996	3415111
29	105740	3418938
30	108745	3399170
31	112753	3410787
32	116806	3422791
33	120345	3419232
34	123795	3413215
35	127994	3427396
36	131462	3421579
37	135920	3440934
38	140304	3457248
39	143070	3433692
40	146127	3417969
41	149855	3418128
42	152683	3398104
43	156349	3397057
44	159143	3377373
45	163046	3381443
46	167281	3391893
47	170746	3386475
48	173216	3361808
49	176757	3358386
50	179361	3337527
51	182741	3331523
52	186948	3340390
53	190275	3333353
54	192677	3310557
55	196292	3308923
56	199917	3307410
57	204106	3314976
58	209130	3335455
59	212973	3336579
60	215931	3323921
61	219679	3323541
62	222289	3306120
63	226077	3306390
64	230214	3311540
65	233618	3306056
66	236275	3290228
67	239959	3288862
68	242638	3273861
69	246342	3272831
70	249591	3265776
71	252551	3255114
72	255830	3248700
73	258288	3232100
74	261998	3231311
75	265844	3232109
76	269216	3227103
77	271719	3211865
78	275731	3214536
79	278247	3199844
80	281498	3193792
81	285077	3191473
82	287766	3179303
83	291269	3176229
84	293786	3162521
85	297385	3160590
86	302455	3174045
87	307008	3181725
88	311055	3183953
89	315096	3185974
90	319242	3188912
91	322365	3181604
92	325643	3175900
93	329128	3172243
94	331757	3160422
95	335808	3162192
96	339569	3161144
97	342541	3152776
98	345014	3139980
99	348610	3137497
100	351417	3127967
101	354804	3123675
102	358266	3120046
103	361252	3112328
104	364795	3109447
105	367422	3098826
106	371147	3097517
107	375466	3101074
108	379853	3105037
109	383372	3101835
110	387532	3103750
111	391707	3105683
112	394875	3099595
113	397814	3091785
114	401973	3093447
115	405928	3093453
116	409195	3088199
117	412089	3080193
118	416372	3082555
119	419580	3076925
120	423097	3073575
121	426252	3067617
122	429851	3064878
123	433027	3059126
124	436932	3058525
125	440818	3057742
126	443442	3048230
127	445971	3038180
128	449435	3034562
129	452656	3029315
130	456856	3030596
131	462439	3040892
132	467141	3045199
133	470536	3040929
134	474554	3040662
135	477866	3035858
136	482299	3038135
137	486595	3039457
138	490038	3035417
139	492765	3026990
140	496345	3023834
141	498841	3014127
142	502051	3008799
143	505887	3007222
144	509680	3005354
145	512066	2995240
146	515140	2989219
147	518376	2984169
148	520913	2975151
149	524296	2971013
150	527111	2963693
151	530267	2958334
152	533623	2954112
153	536156	2945377
154	539892	2943285
155	543478	2940358
156	546830	2936167
157	549158	2926527
158	552404	2921835
159	554802	2912713
160	557888	2907254
161	560952	2901719
162	563354	2892810
163	566977	2890201
164	570626	2887716
165	573904	2883350
166	576243	2874316
167	579545	2870130
168	581969	2861636
169	585062	2856483
170	588049	2850838
171	590414	2842226
172	594071	2839869
173	597783	2837752
174	600936	2832987
175	603258	2824348
176	606499	2820051
177	609332	2813885
178	612039	2807175
179	615441	2803678
180	617858	2795722
181	621047	2791302
182	624759	2789227
183	628266	2786226
184	630620	2778137
185	633758	2773544
186	636734	2768264
187	639119	2760453
188	642420	2756628
189	645081	2750082
190	647932	2744385
191	651203	2740480
192	653559	2732759
193	657133	2730150
194	660831	2728045
195	664573	2726106
196	666953	2718596
197	669740	2712785
198	673054	2709127
199	675435	2701742
200	678699	2697916
201	681380	2691790
202	684417	2687098
203	688161	2685177
204	691831	2682955
205	694272	2675982
206	696972	2670045
207	700337	2666670
208	702685	2659447
209	706011	2655946
210	708667	2649944
211	711627	2645104
212	715354	2643116
213	719015	2640871
214	721810	2635448
215	724170	2628470
216	727718	2625823
217	730647	2620946
218	734497	2619371
219	737574	2615036
220	740696	2610871
221	744833	2610270
222	749029	2609846
223	751541	2603553
224	754768	2599757
225	758313	2597056
226	762062	2595040
227	767553	2598910
228	771701	2598175
229	774696	2593550
230	778331	2591069
231	780976	2585303
232	784307	2581817
233	787642	2578352
234	791045	2575106
235	794988	2573606
236	799138	2572753
237	801675	2566710
238	805003	2563211
239	808415	2559983
240	811386	2555361
241	814667	2551726
242	817599	2547008
243	820877	2543374
244	823658	2538213
245	826544	2533391
246	829894	2530002
247	832272	2523663
248	835822	2520893
249	839507	2518523
250	842985	2515521
251	845292	2509041
252	848274	2504588
253	851316	2500324
254	853679	2494084
255	856879	2490305
256	859842	2485848
257	862260	2479835
258	865888	2477310
259	869565	2474917
260	872867	2471451
261	875197	2465250
262	878444	2461649
263	881181	2456627
264	883994	2451833
265	887278	2448354
266	889642	2442352
267	892761	2438438
268	896435	2436039
269	900063	2433506
270	902358	2427376
271	905107	2422494
272	908443	2419189
273	910769	2413207
274	913881	2409322
275	917517	2406820
276	920948	2403776
277	923221	2397718
278	926283	2393730
279	928912	2388632
280	931830	2384292
281	934751	2379971
282	937287	2374683
283	940971	2372308
284	944698	2370033
285	947839	2366284
286	950187	2360570
287	953436	2357106
288	956067	2352124
289	958926	2347716
290	962192	2344310
291	964594	2338810
292	967949	2335631
293	971618	2333206
294	975030	2330158
295	977331	2324463
296	980200	2320138
297	983380	2316554
298	985720	2311003
299	988747	2307076
300	991465	2302439
301	994467	2298472
302	998097	2295954
303	1001656	2293266
304	1004239	2288348
305	1006941	2283716
306	1010234	2280431
307	1012621	2275111
308	1015829	2271644
309	1018658	2267336
310	1021132	2262251
311	1024487	2259125
312	1027067	2254298
313	1030074	2250416
314	1033708	2247905
315	1037364	2245433
316	1040147	2241074
317	1042615	2236048
318	1045930	2232848
319	1048383	2227815
320	1051262	2223697
321	1054603	2220562
322	1056989	2215423
323	1060221	2212066
324	1063008	2207786
325	1065878	2203687
326	1069084	2200287
327	1071477	2195222
328	1075017	2192512
329	1078679	2190047
330	1082184	2187255
331	1084482	2182031
332	1087439	2178143
333	1090589	2174648
334	1092923	2169534
335	1096059	2166022
336	1099073	2162271
337	1101502	2157380
338	1104744	2154088
339	1107502	2149857
340	1110192	2145503
341	1113923	2143162
342	1117515	2140546
343	1120643	2137040
344	1122986	2132046
345	1126380	2129055
346	1129167	2124917
347	1131768	2120440
348	1135210	2117542
349	1138392	2114157
350	1142903	2113232
351	1147543	2112523
352	1152292	2111992
353	1155847	2109259
354	1159326	2106381
355	1162161	2102337
356	1166014	2100132
357	1169866	2097917
358	1173615	2095508
359	1176199	2091020
360	1178946	2086833
361	1182213	2083568
362	1185395	2080155
363	1188576	2076743
364	1191080	2072154
365	1194332	2068870
366	1198189	2066631
367	1202053	2064396
368	1204796	2060234
369	1207440	2055912
370	1210775	2052770
371	1213292	2048245
372	1216114	2044246
373	1219460	2041129
374	1221926	2036544
375	1225284	2033450
376	1228930	2030831
377	1232534	2028139
378	1234856	2023340
379	1237695	2019398
380	1240891	2016041
381	1243245	2011324
382	1246435	2007965
383	1249463	2004347
384	1251858	1999721
385	1255344	1996843
386	1259121	1994421
387	1262442	1991275
388	1264776	1986577
389	1268022	1983317
390	1270594	1979008
391	1273527	1975266
392	1277256	1972759
393	1280882	1970087
394	1283343	1965627
395	1286290	1961917
396	1289316	1958332
397	1291797	1953924
398	1295128	1950807
399	1297634	1946452
400	1300676	1942905
401	1303859	1939572
402	1306285	1935118
403	1309564	1931931
404	1312494	1928232
405	1315242	1924271
406	1319179	1922048
407	1322777	1919323
408	1325953	1915986
409	1328353	1911532
410	1331552	1908234
411	1334483	1904553
412	1337259	1900657
413	1340693	1897696
414	1343187	1893408
415	1346322	1890030
416	1349035	1886061
417	1352089	1882573
418	1355768	1879955
419	1359546	1877468
420	1362404	1873710
421	1364996	1869592
422	1368420	1866615
423	1370791	1862206
424	1373814	1858690
425	1377099	1855528
426	1379668	1851404
427	1382749	1847973
428	1385415	1843991
429	1388574	1840669
430	1392456	1838300
431	1396037	1835531
432	1398771	1831647
433	1401211	1827387
434	1404560	1824314
435	1407074	1820160
436	1409701	1816160
437	1413168	1813242
438	1415725	1809162
439	1418733	1805660
440	1421758	1802184
441	1424858	1798802
442	1428164	1795683
443	1430683	1791576
444	1434190	1788708
445	1437962	1786169
446	1441655	1783524
447	1443956	1779160
448	1446756	1775418
449	1450007	1772231
450	1452404	1768005
451	1455479	1764607
452	1458549	1761206
453	1461343	1757474
454	1464386	1754045
455	1466813	1749883
456	1470216	1746887
457	1473937	1744266
458	1477355	1741283
459	1479704	1737044
460	1482779	1733662
461	1485798	1730216
462	1488355	1726235
463	1491687	1723155
464	1494158	1719085
465	1497078	1715536
466	1500923	1713045
467	1504591	1710347
468	1507214	1706462
469	1510036	1702807
470	1513437	1699805
471	1515811	1695653
472	1519127	1692558
473	1521870	1688826
474	1524546	1685024
475	1527773	1681834
476	1530166	1677730
477	1533733	1674913
478	1537410	1672215
479	1540692	1669083
480	1543016	1664918
481	1546286	1661776
482	1548706	1657724
483	1551503	1654082
484	1555346	1651553
485	1559038	1648859
486	1561383	1644742
487	1564315	1641249
488	1567350	1637864
489	1569900	1633978
490	1573292	1630969
491	1575771	1627016
492	1578829	1623664
493	1581895	1620321
494	1584549	1616560
495	1587926	1613537
496	1590462	1609663
497	1593486	1606285
498	1597230	1603632
499	1600893	1600893
500	1603557	1597156
501	1605931	1593135
502	1609356	1590159
503	1612017	1586430
504	1615012	1583031
505	1618025	1579653
506	1620578	1575828
507	1623983	1572834
508	1626502	1568984
509	1629811	1565897
510	1633525	1563197
511	1637125	1560384
512	1639409	1556320
513	1642467	1552994
514	1645099	1549268
515	1648090	1545883
516	1651069	1542488
517	1654140	1539181
518	1657017	1535694
519	1660275	1532561
520	1662739	1528699
521	1666024	1525593
522	1669676	1522821
523	1673280	1520002
524	1675703	1516112
525	1678762	1512800
526	1681724	1509403
527	1684339	1505697
528	1687683	1502644
529	1690221	1498875
530	1693167	1495472
531	1696986	1492838
532	1700716	1490121
533	1703378	1486468
534	1706164	1482928
535	1709455	1479827
536	1711878	1475976
537	1715224	1472924
538	1717824	1469234
539	1720848	1465907
540	1724013	1462702
541	1726629	1459033
542	1730066	1456059
543	1732554	1452288
544	1735842	1449189
545	1739486	1446386
546	1743168	1443611
547	1745824	1439986
548	1748804	1436631
549	1751867	1433345
550	1754308	1429554
551	1757593	1426452
552	1760246	1422839
553	1763190	1419463
554	1766882	1416689
555	1770680	1413996
556	1773544	1410557
557	1776055	1406839
558	1779422	1403802
559	1781919	1400079
560	1784836	1396690
561	1788503	1393887
562	1792094	1391022
563	1794531	1387261
564	1797601	1383993
565	1800423	1380536
566	1802838	1376770
567	1806525	1373977
568	1810252	1371210
569	1813251	1367891
570	1815610	1364092
571	1818892	1360989
572	1821901	1357682
573	1824374	1353978
574	1827771	1350961
575	1830320	1347319
576	1833387	1344060
577	1836367	1340738
578	1839115	1337250
579	1842143	1333965
580	1844773	1330396
581	1848357	1327514
582	1852021	1324687
583	1855484	1321715
584	1857919	1318011
585	1860682	1314543
586	1863989	1311460
587	1866370	1307729
588	1869821	1304748
589	1872499	1301228
590	1875512	1297943
591	1878777	1294833
592	1881176	1291128
593	1884596	1288124
594	1888241	1285273
595	1891786	1282351
596	1894143	1278626
597	1897253	1275411
598	1900187	1272078
599	1902582	1268388
600	1905849	1265280
601	1908674	1261881
602	1911240	1258312
603	1914958	1255502
604	1918649	1252672
605	1921821	1249501
606	1924229	1245835
607	1927581	1242782
608	1930018	1239141
609	1932925	1235804
610	1936040	1232602
611	1938536	1229007
612	1942307	1226219
613	1945943	1223345
614	1949309	1220299
615	1951663	1216621
616	1954759	1213408
617	1957729	1210117
618	1960123	1206473
619	1963454	1203407
620	1966342	1200070
621	1968860	1196510
622	1972534	1193652
623	1976249	1190817
624	1979476	1187685
625	1981777	1184001
626	1984813	1180758
627	1988110	1177670
628	1990494	1174043
629	1993779	1170949
630	1996270	1167391
631	1999533	1164285
632	2002115	1160784
633	2005352	1157664
634	2009056	1154812
635	2012835	1152000
636	2015670	1148647
637	2018010	1145015
638	2021412	1141987
639	2024075	1138542
640	2027064	1135282
641	2030278	1132148
642	2032695	1128572
643	2035903	1125437
644	2038879	1122173
645	2041319	1118617
646	2044912	1115694
647	2048530	1112781
648	2052200	1109895
649	2054599	1106322
650	2057714	1103137
651	2060770	1099920
652	2063257	1096401
653	2066663	1093372
654	2069473	1090027
655	2072504	1086801
656	2075736	1083679
657	2078354	1080238
658	2081808	1077233
659	2084498	1073832
660	2088055	1070878
661	2091749	1067993
662	2095497	1065132
663	2098180	1061729
664	2100795	1058295
665	2104208	1055263
666	2106883	1051862
667	2109686	1048526
668	2112916	1045404
669	2115310	1041869
670	2118823	1038886
671	2122563	1036013
672	2126067	1033022
673	2128463	1029493
674	2131521	1026288
675	2134374	1022984
676	2136903	1019527
677	2140294	1016482
678	2142835	1013034
679	2146171	1009963
680	2149879	1007065
681	2153619	1004180
682	2156135	1000724
683	2158916	997394
684	2161948	994180
685	2164687	990833
686	2168018	987758
687	2170863	984461
688	2173555	981096
689	2177026	978084
690	2179646	974689
691	2182462	971385
692	2186124	968456
693	2189748	965508
694	2193052	962418
695	2195444	958929
696	2198791	955858
697	2201664	952582
698	2204086	949113
699	2207378	946019
700	2210095	942679
701	2212688	939289
702	2215964	936189
703	2218541	932795
704	2221637	929621
705	2225491	926762
706	2229222	923850
707	2232411	920711
708	2234810	917249
709	2238160	914178
710	2240540	910711
711	2243489	907478
712	2246713	904357
713	2249185	900934
714	2252422	897818
715	2256067	894864
716	2259666	891890
717	2262445	888592
718	2264811	885135
719	2268053	882020
720	2270827	878725
721	2273875	875536
722	2276996	872376
723	2279413	868947
724	2282704	865853
725	2286462	862934
726	2290014	859936
727	2292331	856475
728	2295376	853287
729	2298374	850083
730	2300970	846731
731	2304315	843656
732	2307017	840346
733	2309854	837086
734	2313163	833997
735	2315658	830616
736	2318856	827488
737	2321812	824274
738	2324321	820903
739	2327666	817828
740	2330222	814477
741	2333498	811378
742	2337175	808417
743	2340888	805467
744	2344058	802328
745	2346424	798916
746	2349693	795813
747	2352194	792450
748	2355004	789193
749	2358364	786121
750	2360804	782743
751	2363790	779547
752	2366928	776402
753	2369623	773113
754	2373034	770057
755	2375842	766806
756	2379322	763772
757	2383327	760903
758	2387204	757992
759	2390298	754831
760	2393117	751583
761	2396610	748547
762	2399090	745195
763	2402011	741982
764	2405263	738871
765	2407767	735532
766	2410976	732408
767	2413692	729136
768	2416526	725900
769	2419658	722755
770	2422201	719434
771	2425880	716451
772	2429639	713490
773	2433449	710542
774	2435916	707201
775	2438651	703940
776	2441751	700785
777	2444428	697510
778	2447772	694425
779	2450269	691101
780	2453113	687876
781	2456170	684712
782	2458718	681407
783	2462407	678418
784	2466160	675445
785	2469665	672402
786	2472089	669066
787	2474939	665846
788	2477973	662677
789	2480503	659374
790	2484010	656331
791	2486536	653029
792	2489698	649896
793	2492618	646699
794	2495122	643396
795	2498761	640386
796	2502487	637396
797	2505999	634350
798	2508671	631092
799	2512195	628048
800	2514919	624805
801	2518241	621710
802	2521331	618558
803	2523932	615287
804	2527296	612202
805	2530109	608984
806	2532982	605781
807	2536069	602630
808	2538583	599344
809	2541960	596262
810	2544548	592995
811	2547885	589904
812	2551694	586921
813	2555485	583931
814	2558396	580740
815	2560853	577447
816	2564194	574354
817	2566863	571111
818	2569842	567938
819	2572964	564797
820	2575557	561540
821	2578820	558430
822	2581806	555260
823	2584484	552025
824	2587884	548945
825	2590625	545724
826	2593545	542543
827	2597257	539526
828	2601042	536523
829	2604133	533376
830	2606567	530096
831	2609980	527015
832	2612673	523789
833	2615463	520583
834	2618541	517436
835	2621140	514195
836	2624578	511118
837	2627152	507874
838	2630036	504691
839	2633324	501585
840	2635819	498329
841	2638916	495188
842	2642135	492070
843	2644697	488830
844	2647967	485721
845	2651766	482709
846	2655356	479656
847	2658434	476511
848	2660830	473245
849	2664159	470145
850	2666985	466957
851	2669700	463750
852	2673264	460691
853	2675963	457483
854	2679045	454341
855	2681800	451144
856	2684748	447980
857	2687607	444802
858	2690113	441566
859	2693911	438543
860	2697815	435535
861	2701407	432475
862	2703845	429231
863	2706673	426050
864	2709932	422937
865	2712360	419695
866	2715484	416562
867	2718675	413439
868	2721198	410215
869	2724503	407109
870	2727178	403910
871	2730117	400751
872	2733339	397633
873	2735811	394407
874	2738933	391276
875	2741666	388089
876	2745040	384994
877	2748656	381931
878	2752261	378866
879	2755341	375728
880	2757780	372503
881	2761040	369390
882	2763719	366200
883	2766245	362991
884	2769609	359892
885	2772201	356694
886	2775008	353524
887	2778429	350432
888	2780925	347224
889	2783921	344080
890	2786987	340944
891	2789589	337753
892	2792949	334653
893	2796658	331594
894	2800277	328524
895	2803286	325381
896	2805676	322167
897	2808902	319051
898	2811545	315868
899	2814456	312717
900	2817548	309586
901	2820061	306392
902	2823347	303283
903	2826175	300124
904	2828813	296947
905	2832118	293840
906	2834853	290674
907	2838022	287552
908	2841709	284483
909	2845301	281403
910	2848544	278288
911	2850995	275096
912	2854158	271973
913	2856780	268799
914	2859445	265631
915	2862913	262537
916	2865447	259358
917	2868294	256209
918	2871329	253076
919	2873870	249901
920	2877209	246796
921	2879916	243637
922	2882984	240508
923	2886764	237439
924	2890468	234362
925	2893694	231245
926	2896098	228063
927	2899394	224952
928	2902096	221796
929	2904698	218633
930	2908147	215534
931	2911012	212391
932	2913919	209252
933	2917271	206145
934	2919753	202977
935	2922885	199855
936	2925733	196714
937	2928494	193567
938	2932286	190489
939	2935999	187404
940	2939363	184295
941	2941747	181126
942	2944685	177992
943	2947774	174867
944	2950369	171714
945	2953782	168609
946	2956481	165463
947	2959342	162326
948	2962653	159215
949	2965105	156058
950	2968310	152941
951	2971025	149799
952	2974112	146677
953	2977836	143585
954	2981558	140492
955	2984712	137371
956	2987099	134216
957	2990385	131102
958	2993005	127959
959	2996014	124833
960	2998815	121700
961	3001690	118569
962	3005010	115457
963	3007445	112311
964	3010533	109190
965	3013654	106070
966	3016181	102930
967	3019763	99826
968	3023434	96724
969	3027202	93624
970	3029706	90485
971	3032357	87351
972	3035706	84238
973	3038211	81102
974	3041096	77976
975	3044540	74865
976	3047014	71731
977	3050271	68615
978	3052943	65487
979	3055881	62364
980	3059636	59259
981	3063299	56150
982	3066590	53033
983	3069113	49904
984	3072565	46790
985	3075203	43664
986	3078294	40544
987	3081006	37421
988	3083991	34301
989	3087044	31182
990	3089644	28059
991	3093022	24943
992	3095582	21821
993	3098826	18705
994	3101415	15585
995	3104521	12467
996	3107314	9349
997	3110266	6232
998	3113933	3117
999	3117555	0
